<?xml version="1.0" encoding="UTF-8"?>
<beans xsi:schemaLocation="http://www.springframework.org/schema/beans
 http://www.springframework.org/schema/beans/spring-beans.xsd
  http://www.springframework.org/schema/context
   http://www.springframework.org/schema/context/spring-context.xsd
    http://www.springframework.org/schema/mvc 
    http://www.springframework.org/schema/mvc/spring-mvc.xsd" 
    
xmlns:context="http://www.springframework.org/schema/context" 
xmlns:mvc="http://www.springframework.org/schema/mvc" 
xmlns:xsi="http://www.w3.org/2001/XMLSchema-instance"
 xmlns="http://www.springframework.org/schema/beans">
<mvc:annotation-driven/>
<context:component-scan base-package="com.cts"/>
<bean class="org.apache.commons.dbcp.BasicDataSource" id="ds">
<property value="com.mysql.cj.jdbc.Driver" name="driverClassName"/>

<!-- value="com.mysql.jdbc.Driver" /> -->

<property value="jdbc:mysql://localhost:3306/project" name="url"/>
<property value="root" name="username"/>
<property value="root" name="password"/>
<property value="2" name="initialSize"/>
<property value="5" name="maxActive"/>

</bean>
</beans>