<!DOCTYPE hibernate-configuration PUBLIC
      "-//Hibernate/Hibernate Configuration DTD 3.0//EN"
      "http://hibernate.sourceforge.net/hibernate-configuration-3.0.dtd" >
<hibernate-configuration>
<session-factory>

<!-- Database connection settings -->

<property name="connection.driver_class">com.mysql.jdbc.Driver</property>
<property name="connection.url">jdbc:mysql://localhost/project</property>
<property name="connection.username">root</property>
<property name="connection.password">root</property>

<!-- SQL dialect -->

<property name="dialect">org.hibernate.dialect.MySQLDialect</property>

<!-- //displays the vendor db queries -->

<property name="show_sql">true</property>
<property name="hbm2ddl.auto">update</property>
<mapping class="com.cts.hql.OrderItem"/>

</session-factory>

</hibernate-configuration>